Pays,Abonnements au téléphone cellulaire mobile utilisant des cartes prépayés,Investissements totaux dans les télécommunications (pour lignes fixes et réseau mobile cellulaire) USD,Total des abonnements au téléphone cellulaire mobile,Total des lignes d'accès téléphoniques,Total des recettes des télécommunications USD,Total des voies d'accès de communication
Allemagne,55047708.571428575,9020297741.428572,111227285.71428572,25119928.57142857,76701198026.92857,162218980.7142857
Australie,10334153.846153846,5242975114.5,23755769.230769232,9281923.076923076,34681085100.25,38711951.692307696
Autriche,4384503.642857143,801637741.3571428,12414071.285714285,2661393.8571428573,6113317738.214286,17106673.42857143
Belgique,5327320.626474456,1685585895.0714285,11779254.857142856,3810770.4285714286,9860355434.0,19075223.64285714
Canada,4554119.785714285,8320069749.642858,26065127.57142857,17307177.42857143,38281509023.57143,54898105.35714286
Chili,13451389.714285715,1665102950.357143,19740999.64285714,3378518.6428571427,,25173479.92857143
Colombie,39670597.586676925,,46892924.78571428,7322154.285714285,7823889861.0,57786369.64285714
Corée,1885194.857142857,5753634762.428572,52478780.5,18827041.42857143,46154350081.35714,88964078.85714285
Danemark,902951.6428571428,1257031108.0714285,6788216.285927857,1338687.0714057144,6851562931.571428,10262928.500190714
Espagne,17222951.14285714,6426079518.214286,50168169.71428572,19789193.57142857,48226845727.5,80981372.07142857
Estonie,528803.4285714285,109681539.21428572,1856488.0,314151.28571428574,6762628614.357142,2495349.3571428573
Finlande,708725.7142857143,770579281.5,8147469.428571428,1104644.9285714286,4441909454.888889,10860507.214285715
France,15867215.214285715,9353730522.357143,70627872.5,19683156.14285714,63199296509.35714,112203879.57142857
Grèce,11333913.857142856,1173166053.857143,15735464.785714285,4570080.857142857,8253743987.285714,22695857.57142857
Hongrie,5724724.928571428,711558064.5714285,11446432.42857143,1978261.642857143,4282465097.571429,15544676.5
Irlande,3204545.6714285715,690842428.4615384,5404275.571428572,1438227.857142857,4719875321.142858,7883091.785714285
Islande,155763.2142857143,55325392.78571428,358148.35714285716,128586.21428571429,289570189.5714286,598781.0
Israël,2500449.88790932,824945181.1428572,9647595.57142857,2507099.272727273,6278100475.4,13990077.57142857
Italie,75585389.53485714,8570607164.785714,93394934.71428572,22454110.5,50223527771.92857,128817537.07142857
Japon,1296096.9285714286,16200326115.785715,134165489.57142857,36464434.14285714,128893044159.28572,204267384.14285713
Lettonie,864230.8571428572,101907340.71428572,2625648.285714286,352638.14285714284,626187622.4,1903229.5
Lituanie,2413299.4285714286,344145318.9285714,4486494.214285715,556622.5714285715,2659020403.0,5712246.0
Luxembourg,232121.42857142858,133029256.21428572,796707.1428571428,259869.2857142857,670107099.9285715,1219571.5
Mexique,78710484.64285715,3961261994.1538463,91407227.64285715,19965153.785714287,28027667188.846153,121596820.85714285
Norvège,1282943.0,1097743386.2727273,5453442.071428572,1003729.2142857143,5053352296.571428,8222433.214285715
Nouvelle-Zélande,3200285.8571428573,1014625851.1428572,5145214.285714285,1618328.142857143,3729908820.285714,7928585.071428572
OCDE - Total,535186052.42879075,192007009687.57144,1408504212.428785,392796586.64283425,1286094297424.2856,2118669158.0716193
Pays-Bas,6027635.714285715,3518565553.428571,21682642.85714286,3289174.285714286,16644374484.642857,31315851.07142857
Pologne,24334630.85714286,2384002529.0,47672355.571428575,6966593.714285715,12904262347.0,60295022.428571425
Portugal,10092737.285714285,1056389384.5,15745981.857142856,2435561.0714285714,8646796227.357143,20597544.285714287
Royaume-Uni,38893402.11531103,12911538667.142857,79893248.07142857,30777010.285714287,65584739305.07143,131066741.57142857
République slovaque,2140939.714285714,433688745.21428573,6104217.0,788004.0714285715,2313531970.5,7804399.785714285
Slovénie,639218.5714285715,284638822.35714287,2175204.9285714286,415115.5,1438973252.357143,3059511.714285714
Suisse,3833678.0,2884346835.928571,9851706.57142857,2933648.3571428573,17278946516.714287,15935845.142857144
Suède,4240381.428571428,1515865150.8461537,12759860.92857143,3054343.0,6969568819.857142,18914735.714285713
Tchéquie,6114639.642857143,745031686.2857143,13599032.214285715,1575888.642857143,5860566183.142858,17513003.285714287
Türkiye,41136574.0,2779267120.714286,66413694.5,14698234.214285715,14455761730.642857,88682822.57142857
États-Unis,58229971.63636363,81325928571.42857,311615714.28571427,102945251.71428572,548066000000.0,501945891.28571427
